t (s),V (V)
0,5.67765568
0.0002,5.67765568
0.0004,5.67765568
0.0006,5.67765568
0.0008,5.67765568
0.001,5.67765568
0.0012,5.67765568
0.0014,5.68253968
0.0016,5.68253968
0.0018,5.68253968
0.002,5.67277167
0.0022,5.68253968
0.0024,5.68253968
0.0026,5.67765568
0.0028,5.67765568
0.003,5.68253968
0.0032,5.68742369
0.0034,5.68253968
0.0036,5.68742369
0.0038,5.68742369
0.004,5.68253968
0.0042,5.67765568
0.0044,5.68742369
0.0046,5.68742369
0.0048,5.68253968
0.005,5.67765568
0.0052,5.68253968
0.0054,5.68253968
0.0056,5.68253968
0.0058,5.68253968
0.006,5.68742369
0.0062,5.68253968
0.0064,5.67765568
0.0066,5.68253968
0.0068,5.68253968
0.007,5.68253968
0.0072,5.67765568
0.0074,5.68253968
0.0076,5.67765568
0.0078,5.68253968
0.008,5.67277167
0.0082,5.68253968
0.0084,5.68253968
0.0086,5.67765568
0.0088,5.67765568
0.009,5.68742369
0.0092,5.68253968
0.0094,5.68253968
0.0096,5.68253968
0.0098,5.68742369
0.01,5.68253968
0.0102,5.67765568
0.0104,5.68253968
0.0106,5.68742369
0.0108,5.68253968
0.011,5.68253968
0.0112,5.68253968
0.0114,5.68742369
0.0116,5.68253968
0.0118,5.68742369
0.012,5.68742369
0.0122,5.68742369
0.0124,5.68253968
0.0126,5.68253968
0.0128,5.68742369
0.013,5.68253968
0.0132,5.68253968
0.0134,5.68253968
0.0136,5.68742369
0.0138,5.68253968
0.014,5.67765568
0.0142,5.67765568
0.0144,5.67765568
0.0146,5.67765568
0.0148,5.67765568
0.015,5.68253968
0.0152,5.67277167
0.0154,5.67277167
0.0156,5.67765568
0.0158,5.68253968
0.016,5.67765568
0.0162,5.67765568
0.0164,5.67765568
0.0166,5.67765568
0.0168,5.67277167
0.017,5.67765568
0.0172,5.68253968
0.0174,5.67765568
0.0176,5.67277167
0.0178,5.67277167
0.018,5.67765568
0.0182,5.67765568
0.0184,5.67765568
0.0186,5.68253968
0.0188,5.68742369
0.019,5.67765568
0.0192,5.68253968
0.0194,5.68742369
0.0196,5.68253968
0.0198,5.67765568
0.02,5.68253968
0.0202,5.68253968
0.0204,5.67765568
0.0206,5.68253968
0.0208,5.68742369
0.021,5.68742369
0.0212,5.68253968
0.0214,5.67765568
0.0216,5.68253968
0.0218,5.68253968
0.022,5.68253968
0.0222,5.67765568
0.0224,5.68742369
0.0226,5.68742369
0.0228,5.67765568
0.023,5.68253968
0.0232,5.67765568
0.0234,5.68253968
0.0236,5.68253968
0.0238,5.68253968
0.024,5.68253968
0.0242,5.68253968
0.0244,5.68253968
0.0246,5.68253968
0.0248,5.67765568
0.025,5.67277167
0.0252,5.68253968
0.0254,5.68742369
0.0256,5.68742369
0.0258,5.67765568
0.026,5.68742369
0.0262,5.69230769
0.0264,5.68742369
0.0266,5.68253968
0.0268,5.68253968
0.027,5.68253968
0.0272,5.67765568
0.0274,5.68253968
0.0276,5.68742369
0.0278,5.68742369
0.028,5.68253968
0.0282,5.68742369
0.0284,5.68742369
0.0286,5.68253968
0.0288,5.68253968
0.029,5.68742369
0.0292,5.68742369
0.0294,5.68253968
0.0296,5.68253968
0.0298,5.68742369
0.03,5.68253968
0.0302,5.67765568
0.0304,5.68253968
0.0306,5.68253968
0.0308,5.68253968
0.031,5.67765568
0.0312,5.67765568
0.0314,5.67765568
0.0316,5.67765568
0.0318,5.67765568
0.032,5.67765568
0.0322,5.68253968
0.0324,5.67277167
0.0326,5.67277167
0.0328,5.67765568
0.033,5.67765568
0.0332,5.66788767
0.0334,5.67765568
0.0336,5.67765568
0.0338,5.67765568
0.034,5.68742369
0.0342,5.68253968
0.0344,5.68253968
0.0346,5.67765568
0.0348,5.68253968
0.035,5.67765568
0.0352,5.67765568
0.0354,5.67765568
0.0356,5.68253968
0.0358,5.68253968
0.036,5.68253968
0.0362,5.67765568
0.0364,5.68253968
0.0366,5.68742369
0.0368,5.68253968
0.037,5.68253968
0.0372,5.68253968
0.0374,5.68742369
0.0376,5.67765568
0.0378,5.68253968
0.038,5.68742369
0.0382,5.68253968
0.0384,5.67765568
0.0386,5.68253968
0.0388,5.68742369
0.039,5.68253968
0.0392,5.68253968
0.0394,5.68253968
0.0396,5.68253968
0.0398,5.68253968
0.04,5.67765568
0.0402,5.67765568
0.0404,5.67765568
0.0406,5.67765568
0.0408,5.68253968
0.041,5.68742369
0.0412,5.67765568
0.0414,5.68253968
0.0416,5.67765568
0.0418,5.68742369
0.042,5.67765568
0.0422,5.67765568
0.0424,5.68253968
0.0426,5.67765568
0.0428,5.67765568
0.043,5.68742369
0.0432,5.68742369
0.0434,5.68742369
0.0436,5.68253968
0.0438,5.68742369
0.044,5.68742369
0.0442,5.67765568
0.0444,5.67765568
0.0446,5.68253968
0.0448,5.68253968
0.045,5.68742369
0.0452,5.68253968
0.0454,5.69230769
0.0456,5.68253968
0.0458,5.68253968
0.046,5.67765568
0.0462,5.68253968
0.0464,5.68253968
0.0466,5.67765568
0.0468,5.67765568
0.047,5.68253968
0.0472,5.68253968
0.0474,5.68253968
0.0476,5.68742369
0.0478,5.67765568
0.048,5.67765568
0.0482,5.67765568
0.0484,5.67277167
0.0486,5.67765568
0.0488,5.66788767
0.049,5.67765568
0.0492,5.68253968
0.0494,5.67765568
0.0496,5.67277167
0.0498,5.67765568
0.05,5.68253968
0.0502,5.67277167
0.0504,5.68253968
0.0506,5.67765568
0.0508,5.68253968
0.051,5.67277167
0.0512,5.67765568
0.0514,5.68253968
0.0516,5.67765568
0.0518,5.67765568
0.052,5.68253968
0.0522,5.68742369
0.0524,5.68253968
0.0526,5.68253968
0.0528,5.68253968
0.053,5.68253968
0.0532,5.68253968
0.0534,5.67765568
0.0536,5.67765568
0.0538,5.67765568
0.054,5.67765568
0.0542,5.68253968
0.0544,5.68742369
0.0546,5.67277167
0.0548,5.67765568
0.055,5.67765568
0.0552,5.67765568
0.0554,5.67765568
0.0556,5.67765568
0.0558,5.68742369
0.056,5.68253968
0.0562,5.68253968
0.0564,5.68742369
0.0566,5.68742369
0.0568,5.68742369
0.057,5.68253968
0.0572,5.67765568
0.0574,5.67765568
0.0576,5.67765568
0.0578,5.67765568
0.058,5.68253968
0.0582,5.68253968
0.0584,5.68742369
0.0586,5.68253968
0.0588,5.68742369
0.059,5.68742369
0.0592,5.68253968
0.0594,5.68253968
0.0596,5.68742369
0.0598,5.68253968
0.06,5.67765568
0.0602,5.68253968
0.0604,5.68742369
0.0606,5.68742369
0.0608,5.68742369
0.061,5.68253968
0.0612,5.68253968
0.0614,5.67765568
0.0616,5.68253968
0.0618,5.68742369
0.062,5.67765568
0.0622,5.67765568
0.0624,5.68253968
0.0626,5.68253968
0.0628,5.68253968
0.063,5.68253968
0.0632,5.68253968
0.0634,5.68742369
0.0636,5.67765568
0.0638,5.67765568
0.064,5.68253968
0.0642,5.67765568
0.0644,5.67765568
0.0646,5.67765568
0.0648,5.67765568
0.065,5.67277167
0.0652,5.67277167
0.0654,5.68253968
0.0656,5.67765568
0.0658,5.67277167
0.066,5.67765568
0.0662,5.67277167
0.0664,5.67277167
0.0666,5.67277167
0.0668,5.67765568
0.067,5.68742369
0.0672,5.68253968
0.0674,5.67765568
0.0676,5.68253968
0.0678,5.68253968
0.068,5.68253968
0.0682,5.67765568
0.0684,5.67765568
0.0686,5.67765568
0.0688,5.67765568
0.069,5.67765568
0.0692,5.68253968
0.0694,5.67765568
0.0696,5.67765568
0.0698,5.68253968
0.07,5.68742369
0.0702,5.68253968
0.0704,5.68742369
0.0706,5.68742369
0.0708,5.68742369
0.071,5.67765568
0.0712,5.67765568
0.0714,5.68253968
0.0716,5.67765568
0.0718,5.67765568
0.072,5.68253968
0.0722,5.68253968
0.0724,5.68253968
0.0726,5.68742369
0.0728,5.68742369
0.073,5.68253968
0.0732,5.68742369
0.0734,5.68253968
0.0736,5.68253968
0.0738,5.68253968
0.074,5.67765568
0.0742,5.67765568
0.0744,5.68253968
0.0746,5.68742369
0.0748,5.68253968
0.075,5.68253968
0.0752,5.68253968
0.0754,5.68253968
0.0756,5.68253968
0.0758,5.67765568
0.076,5.68253968
0.0762,5.67765568
0.0764,5.67765568
0.0766,5.68742369
0.0768,5.68253968
0.077,5.68253968
0.0772,5.68253968
0.0774,5.69230769
0.0776,5.68742369
0.0778,5.68742369
0.078,5.68742369
0.0782,5.68742369
0.0784,5.67765568
0.0786,5.68253968
0.0788,5.67765568
0.079,5.68253968
0.0792,5.68253968
0.0794,5.68253968
0.0796,5.68253968
0.0798,5.68253968
0.08,5.67765568
0.0802,5.67765568
0.0804,5.68742369
0.0806,5.67765568
0.0808,5.67765568
0.081,5.68253968
0.0812,5.67765568
0.0814,5.67277167
0.0816,5.67277167
0.0818,5.67277167
0.082,5.67765568
0.0822,5.67277167
0.0824,5.67765568
0.0826,5.67765568
0.0828,5.67277167
0.083,5.67765568
0.0832,5.67765568
0.0834,5.67765568
0.0836,5.67277167
0.0838,5.68253968
0.084,5.68742369
0.0842,5.68253968
0.0844,5.67765568
0.0846,5.68253968
0.0848,5.68742369
0.085,5.67765568
0.0852,5.68253968
0.0854,5.68742369
0.0856,5.68742369
0.0858,5.68742369
0.086,5.68742369
0.0862,5.69230769
0.0864,5.6971917
0.0866,5.69230769
0.0868,5.6971917
0.087,5.7020757
0.0872,5.70695971
0.0874,5.70695971
0.0876,5.7020757
0.0878,5.70695971
0.088,5.7020757
0.0882,5.7020757
0.0884,5.7020757
0.0886,5.70695971
0.0888,5.68253968
0.089,5.63858364
0.0892,5.54578755
0.0894,5.39438339
0.0896,5.21855922
0.0898,5.003663
0.09,4.76923077
0.0902,4.52991453
0.0904,4.29059829
0.0906,4.07081807
0.0908,3.89010989
0.091,3.75335775
0.0912,3.68009768
0.0914,3.66056166
0.0916,3.66056166
0.0918,3.65079365
0.092,3.65079365
0.0922,3.65079365
0.0924,3.65079365
0.0926,3.64102564
0.0928,3.65079365
0.093,3.65567766
0.0932,3.65079365
0.0934,3.64590965
0.0936,3.65079365
0.0938,3.65567766
0.094,3.64590965
0.0942,3.65567766
0.0944,3.65567766
0.0946,3.65567766
0.0948,3.65567766
0.095,3.65567766
0.0952,3.65079365
0.0954,3.65079365
0.0956,3.65079365
0.0958,3.64590965
0.096,3.65079365
0.0962,3.64590965
0.0964,3.64590965
0.0966,3.64102564
0.0968,3.64590965
0.097,3.64590965
0.0972,3.65079365
0.0974,3.64590965
0.0976,3.64590965
0.0978,3.64102564
0.098,3.64590965
0.0982,3.64102564
0.0984,3.64590965
0.0986,3.63614164
0.0988,3.63614164
0.099,3.64102564
0.0992,3.64102564
0.0994,3.64590965
0.0996,3.64590965
0.0998,3.64590965
0.1,3.64590965
0.1002,3.64590965
0.1004,3.64102564
0.1006,3.64590965
0.1008,3.64102564
0.101,3.64102564
0.1012,3.64590965
0.1014,3.65079365
0.1016,3.64102564
0.1018,3.64590965
0.102,3.64590965
0.1022,3.64590965
0.1024,3.65079365
0.1026,3.65079365
0.1028,3.65079365
0.103,3.64590965
0.1032,3.64590965
0.1034,3.65079365
0.1036,3.65079365
0.1038,3.64590965
0.104,3.65079365
0.1042,3.65567766
0.1044,3.65079365
0.1046,3.65079365
0.1048,3.65079365
0.105,3.65567766
0.1052,3.65079365
0.1054,3.65567766
0.1056,3.65567766
0.1058,3.65567766
0.106,3.67032967
0.1062,3.73870574
0.1064,3.87057387
0.1066,4.05616606
0.1068,4.3003663
0.107,4.58363858
0.1072,4.87179487
0.1074,5.14529915
0.1076,5.39438339
0.1078,5.57509158
0.108,5.66300366
0.1082,5.68742369
0.1084,5.6971917
0.1086,5.6971917
0.1088,5.69230769
0.109,5.68742369
0.1092,5.6971917
0.1094,5.6971917
0.1096,5.69230769
0.1098,5.6971917
0.11,5.6971917
0.1102,5.68742369
0.1104,5.68742369
0.1106,5.68742369
0.1108,5.68742369
0.111,5.68742369
0.1112,5.68742369
0.1114,5.68253968
0.1116,5.68742369
0.1118,5.68742369
0.112,5.67765568
0.1122,5.68253968
0.1124,5.68253968
0.1126,5.68253968
0.1128,5.67765568
0.113,5.68253968
0.1132,5.67765568
0.1134,5.68253968
0.1136,5.68253968
0.1138,5.68253968
0.114,5.67765568
0.1142,5.67765568
0.1144,5.68253968
0.1146,5.67765568
0.1148,5.67277167
0.115,5.67277167
0.1152,5.68253968
0.1154,5.67765568
0.1156,5.67765568
0.1158,5.67765568
0.116,5.67765568
0.1162,5.67765568
0.1164,5.67765568
0.1166,5.67765568
0.1168,5.68253968
0.117,5.67765568
0.1172,5.68253968
0.1174,5.67765568
0.1176,5.67765568
0.1178,5.67277167
0.118,5.67765568
0.1182,5.68253968
0.1184,5.67765568
0.1186,5.67277167
0.1188,5.68253968
0.119,5.67765568
0.1192,5.68742369
0.1194,5.67765568
0.1196,5.68742369
0.1198,5.68253968
0.12,5.68253968
0.1202,5.68742369
0.1204,5.68742369
0.1206,5.68253968
0.1208,5.68253968
0.121,5.68253968
0.1212,5.68253968
0.1214,5.68253968
0.1216,5.67765568
0.1218,5.68253968
0.122,5.68742369
0.1222,5.68253968
0.1224,5.68253968
0.1226,5.68742369
0.1228,5.68253968
0.123,5.67765568
0.1232,5.67765568
0.1234,5.68742369
0.1236,5.67765568
0.1238,5.67765568
0.124,5.68253968
0.1242,5.68253968
0.1244,5.67765568
0.1246,5.67765568
0.1248,5.68253968
0.125,5.67765568
0.1252,5.67765568
0.1254,5.68253968
0.1256,5.68253968
0.1258,5.68742369
0.126,5.67765568
0.1262,5.68253968
0.1264,5.68742369
0.1266,5.68742369
0.1268,5.67765568
0.127,5.68742369
0.1272,5.68742369
0.1274,5.67765568
0.1276,5.68742369
0.1278,5.68742369
0.128,5.68742369
0.1282,5.68742369
0.1284,5.68742369
0.1286,5.68742369
0.1288,5.68742369
0.129,5.67765568
0.1292,5.68742369
0.1294,5.68253968
0.1296,5.68253968
0.1298,5.68253968
0.13,5.68253968
0.1302,5.68742369
0.1304,5.67765568
0.1306,5.67765568
0.1308,5.68253968
0.131,5.67765568
0.1312,5.67765568
0.1314,5.67765568
0.1316,5.67765568
0.1318,5.67765568
0.132,5.67765568
0.1322,5.67765568
0.1324,5.67765568
0.1326,5.67277167
0.1328,5.67765568
0.133,5.67765568
0.1332,5.67765568
0.1334,5.66788767
0.1336,5.67277167
0.1338,5.68253968
0.134,5.68253968
0.1342,5.68253968
0.1344,5.67765568
0.1346,5.68253968
0.1348,5.67765568
0.135,5.67765568
0.1352,5.68253968
0.1354,5.68253968
0.1356,5.67765568
0.1358,5.68253968
0.136,5.68253968
0.1362,5.68253968
0.1364,5.67765568
0.1366,5.68253968
0.1368,5.68742369
0.137,5.68742369
0.1372,5.68253968
0.1374,5.68742369
0.1376,5.68253968
0.1378,5.68253968
0.138,5.68742369
0.1382,5.68742369
0.1384,5.68253968
0.1386,5.67765568
0.1388,5.68253968
0.139,5.68253968
0.1392,5.67765568
0.1394,5.67765568
0.1396,5.68253968
0.1398,5.68742369
0.14,5.67765568
0.1402,5.68742369
0.1404,5.68253968
0.1406,5.68742369
0.1408,5.67765568
0.141,5.68253968
0.1412,5.68253968
0.1414,5.67765568
0.1416,5.67765568
0.1418,5.67765568
0.142,5.67765568
0.1422,5.67765568
0.1424,5.67765568
0.1426,5.68742369
0.1428,5.69230769
0.143,5.67765568
0.1432,5.68742369
0.1434,5.68253968
0.1436,5.68253968
0.1438,5.67765568
0.144,5.68742369
0.1442,5.68742369
0.1444,5.68742369
0.1446,5.68742369
0.1448,5.68742369
0.145,5.68742369
0.1452,5.68253968
0.1454,5.67765568
0.1456,5.68253968
0.1458,5.68253968
0.146,5.68253968
0.1462,5.68253968
0.1464,5.68742369
0.1466,5.68253968
0.1468,5.68253968
0.147,5.67765568
0.1472,5.68253968
0.1474,5.67765568
0.1476,5.67765568
0.1478,5.68253968
0.148,5.68253968
0.1482,5.67765568
0.1484,5.67765568
0.1486,5.68253968
0.1488,5.67765568
0.149,5.67277167
0.1492,5.67765568
0.1494,5.68253968
0.1496,5.67765568
0.1498,5.67277167
0.15,5.67277167
0.1502,5.67277167
0.1504,5.67765568
0.1506,5.67765568
0.1508,5.67765568
0.151,5.67765568
0.1512,5.67765568
0.1514,5.68253968
0.1516,5.68253968
0.1518,5.67765568
0.152,5.67765568
0.1522,5.67765568
0.1524,5.68253968
0.1526,5.67765568
0.1528,5.67765568
0.153,5.68253968
0.1532,5.68742369
0.1534,5.67765568
0.1536,5.68253968
0.1538,5.68253968
0.154,5.68253968
0.1542,5.68253968
0.1544,5.68253968
0.1546,5.68742369
0.1548,5.67765568
0.155,5.67765568
0.1552,5.68253968
0.1554,5.68742369
0.1556,5.67765568
0.1558,5.68253968
0.156,5.67765568
0.1562,5.68742369
0.1564,5.67765568
0.1566,5.68742369
0.1568,5.68742369
0.157,5.67277167
0.1572,5.67765568
0.1574,5.67765568
0.1576,5.68742369
0.1578,5.68253968
0.158,5.68253968
0.1582,5.68253968
0.1584,5.68253968
0.1586,5.67277167
0.1588,5.67765568
0.159,5.67765568
0.1592,5.67765568
0.1594,5.67765568
0.1596,5.68253968
0.1598,5.68742369
0.16,5.68742369
0.1602,5.68742369
0.1604,5.69230769
0.1606,5.68742369
0.1608,5.68253968
0.161,5.68253968
0.1612,5.67765568
0.1614,5.68253968
0.1616,5.67765568
0.1618,5.68253968
0.162,5.68253968
0.1622,5.68253968
0.1624,5.68253968
0.1626,5.68742369
0.1628,5.68742369
0.163,5.68253968
0.1632,5.67765568
0.1634,5.68742369
0.1636,5.68253968
0.1638,5.67765568
0.164,5.67765568
0.1642,5.68253968
0.1644,5.68253968
0.1646,5.67765568
0.1648,5.67765568
0.165,5.67765568
0.1652,5.67765568
0.1654,5.67277167
0.1656,5.67765568
0.1658,5.67765568
0.166,5.67765568
0.1662,5.67765568
0.1664,5.67765568
0.1666,5.67765568
0.1668,5.67765568
0.167,5.67765568
0.1672,5.68253968
0.1674,5.68253968
0.1676,5.67765568
0.1678,5.68253968
0.168,5.68253968
0.1682,5.67765568
0.1684,5.67765568
0.1686,5.67765568
0.1688,5.67765568
0.169,5.67277167
0.1692,5.68253968
0.1694,5.68742369
0.1696,5.68742369
0.1698,5.67765568
0.17,5.68742369
0.1702,5.68742369
0.1704,5.68742369
0.1706,5.68253968
0.1708,5.68253968
0.171,5.68742369
0.1712,5.67765568
0.1714,5.68742369
0.1716,5.68253968
0.1718,5.68253968
0.172,5.68253968
0.1722,5.68253968
0.1724,5.68253968
0.1726,5.67765568
0.1728,5.67765568
0.173,5.68253968
0.1732,5.68253968
0.1734,5.67765568
0.1736,5.68253968
0.1738,5.68253968
0.174,5.68253968
0.1742,5.67765568
0.1744,5.68253968
0.1746,5.68253968
0.1748,5.68253968
0.175,5.68253968
0.1752,5.67765568
0.1754,5.68742369
0.1756,5.67765568
0.1758,5.67765568
0.176,5.68253968
0.1762,5.68253968
0.1764,5.67765568
0.1766,5.67765568
0.1768,5.68742369
0.177,5.67765568
0.1772,5.68253968
0.1774,5.68253968
0.1776,5.68742369
0.1778,5.68253968
0.178,5.67765568
0.1782,5.68742369
0.1784,5.68253968
0.1786,5.67765568
0.1788,5.67765568
0.179,5.68253968
0.1792,5.68742369
0.1794,5.67765568
0.1796,5.68253968
0.1798,5.68253968
0.18,5.67765568
0.1802,5.67765568
0.1804,5.67765568
0.1806,5.68742369
0.1808,5.68253968
0.181,5.67765568
0.1812,5.68742369
0.1814,5.68253968
0.1816,5.67277167
0.1818,5.67277167
0.182,5.67765568
0.1822,5.67765568
0.1824,5.67765568
0.1826,5.68253968
0.1828,5.69230769
0.183,5.67765568
0.1832,5.67277167
0.1834,5.67277167
0.1836,5.67277167
0.1838,5.67765568
0.184,5.67277167
0.1842,5.67765568
0.1844,5.68253968
0.1846,5.67765568
0.1848,5.68253968
0.185,5.68253968
0.1852,5.67765568
0.1854,5.67765568
0.1856,5.67765568
0.1858,5.67765568
0.186,5.67765568
0.1862,5.67765568
0.1864,5.68253968
0.1866,5.68253968
0.1868,5.67765568
0.187,5.67765568
0.1872,5.68742369
0.1874,5.68253968
0.1876,5.68253968
0.1878,5.68253968
0.188,5.68253968
0.1882,5.68253968
0.1884,5.68253968
0.1886,5.68742369
0.1888,5.68742369
0.189,5.67765568
0.1892,5.67765568
0.1894,5.68253968
0.1896,5.68253968
0.1898,5.67765568
0.19,5.68253968
0.1902,5.68253968
0.1904,5.68742369
0.1906,5.67765568
0.1908,5.67765568
0.191,5.68742369
0.1912,5.67765568
0.1914,5.68253968
0.1916,5.68742369
0.1918,5.68742369
0.192,5.68253968
0.1922,5.68253968
0.1924,5.68253968
0.1926,5.68742369
0.1928,5.68253968
0.193,5.68253968
0.1932,5.68253968
0.1934,5.68253968
0.1936,5.68742369
0.1938,5.68742369
0.194,5.68742369
0.1942,5.68253968
0.1944,5.68742369
0.1946,5.68742369
0.1948,5.68742369
0.195,5.68253968
0.1952,5.68253968
0.1954,5.68742369
0.1956,5.68742369
0.1958,5.68253968
0.196,5.68253968
0.1962,5.68253968
0.1964,5.68253968
0.1966,5.68253968
0.1968,5.67765568
0.197,5.68253968
0.1972,5.67765568
0.1974,5.67765568
0.1976,5.68253968
0.1978,5.67765568
0.198,5.67277167
0.1982,5.68253968
0.1984,5.67765568
0.1986,5.67277167
0.1988,5.67277167
0.199,5.67765568
0.1992,5.68253968
0.1994,5.67765568
0.1996,5.67277167
0.1998,5.67277167
0.2,5.66788767
0.2002,5.66788767
0.2004,5.67277167
0.2006,5.68253968
0.2008,5.68253968
0.201,5.67765568
0.2012,5.67765568
0.2014,5.68253968
0.2016,5.67765568
0.2018,5.68253968
0.202,5.67765568
0.2022,5.67765568
0.2024,5.67765568
0.2026,5.67765568
0.2028,5.67765568
0.203,5.67765568
0.2032,5.67765568
0.2034,5.68742369
0.2036,5.68742369
0.2038,5.68253968
0.204,5.67765568
0.2042,5.68742369
0.2044,5.68742369
0.2046,5.68742369
0.2048,5.67765568
0.205,5.68253968
0.2052,5.68253968
0.2054,5.68253968
0.2056,5.67765568
0.2058,5.68742369
0.206,5.68253968
0.2062,5.68253968
0.2064,5.68742369
0.2066,5.68742369
0.2068,5.68253968
0.207,5.68742369
0.2072,5.67765568
0.2074,5.68253968
0.2076,5.67277167
0.2078,5.68253968
0.208,5.68253968
0.2082,5.68742369
0.2084,5.68253968
0.2086,5.68742369
0.2088,5.68742369
0.209,5.67765568
0.2092,5.67765568
0.2094,5.68253968
0.2096,5.69230769
0.2098,5.68253968
0.21,5.68253968
0.2102,5.68253968
0.2104,5.68742369
0.2106,5.68253968
0.2108,5.68742369
0.211,5.69230769
0.2112,5.68742369
0.2114,5.68253968
0.2116,5.68742369
0.2118,5.68742369
0.212,5.67765568
0.2122,5.68253968
0.2124,5.68253968
0.2126,5.68253968
0.2128,5.68253968
0.213,5.68253968
0.2132,5.68253968
0.2134,5.68253968
0.2136,5.68253968
0.2138,5.68253968
0.214,5.68253968
0.2142,5.67765568
0.2144,5.67765568
0.2146,5.68253968
0.2148,5.68742369
0.215,5.67765568
0.2152,5.67765568
0.2154,5.67765568
0.2156,5.67765568
0.2158,5.66788767
0.216,5.67765568
0.2162,5.68253968
0.2164,5.67765568
0.2166,5.67765568
0.2168,5.67765568
0.217,5.68253968
0.2172,5.67765568
0.2174,5.67765568
0.2176,5.67765568
0.2178,5.68253968
0.218,5.67765568
0.2182,5.67765568
0.2184,5.68253968
0.2186,5.67765568
0.2188,5.68253968
0.219,5.68253968
0.2192,5.68253968
0.2194,5.68253968
0.2196,5.68253968
0.2198,5.68253968
0.22,5.68742369
0.2202,5.68742369
0.2204,5.68253968
0.2206,5.68253968
0.2208,5.68742369
0.221,5.67765568
0.2212,5.68253968
0.2214,5.68742369
0.2216,5.68253968
0.2218,5.68253968
0.222,5.68742369
0.2222,5.68742369
0.2224,5.68253968
0.2226,5.68253968
0.2228,5.68253968
0.223,5.68742369
0.2232,5.67765568
0.2234,5.68253968
0.2236,5.68253968
0.2238,5.68253968
0.224,5.67765568
0.2242,5.68253968
0.2244,5.68253968
0.2246,5.68253968
0.2248,5.67765568
0.225,5.68253968
0.2252,5.68742369
0.2254,5.67765568
0.2256,5.68253968
0.2258,5.68253968
0.226,5.68742369
0.2262,5.68253968
0.2264,5.68253968
0.2266,5.68742369
0.2268,5.68253968
0.227,5.68253968
0.2272,5.68253968
0.2274,5.68253968
0.2276,5.68253968
0.2278,5.68253968
0.228,5.68742369
0.2282,5.68742369
0.2284,5.67765568
0.2286,5.68742369
0.2288,5.68253968
0.229,5.68253968
0.2292,5.68253968
0.2294,5.68742369
0.2296,5.68742369
0.2298,5.68253968
0.23,5.68253968
0.2302,5.68253968
0.2304,5.68742369
0.2306,5.67277167
0.2308,5.67765568
0.231,5.68253968
0.2312,5.67765568
0.2314,5.67765568
0.2316,5.67765568
0.2318,5.68253968
0.232,5.67277167
0.2322,5.68253968
0.2324,5.67765568
0.2326,5.67765568
0.2328,5.67277167
0.233,5.67765568
0.2332,5.67765568
0.2334,5.67765568
0.2336,5.67277167
0.2338,5.67765568
0.234,5.67765568
0.2342,5.67765568
0.2344,5.67277167
0.2346,5.67765568
0.2348,5.68253968
0.235,5.68253968
0.2352,5.67765568
0.2354,5.68253968
0.2356,5.67765568
0.2358,5.67765568
0.236,5.67765568
0.2362,5.68253968
0.2364,5.68742369
0.2366,5.68253968
0.2368,5.68742369
0.237,5.68742369
0.2372,5.68742369
0.2374,5.67765568
0.2376,5.68742369
0.2378,5.68253968
0.238,5.68253968
0.2382,5.68253968
0.2384,5.68742369
0.2386,5.68253968
0.2388,5.68253968
0.239,5.68742369
0.2392,5.68253968
0.2394,5.68253968
0.2396,5.67765568
0.2398,5.68253968
0.24,5.68253968
0.2402,5.68253968
0.2404,5.68253968
0.2406,5.68253968
0.2408,5.68742369
0.241,5.67765568
0.2412,5.68253968
0.2414,5.68253968
0.2416,5.68253968
0.2418,5.67765568
0.242,5.67765568
0.2422,5.68253968
0.2424,5.68253968
0.2426,5.67765568
0.2428,5.68253968
0.243,5.68253968
0.2432,5.68253968
0.2434,5.68253968
0.2436,5.68253968
0.2438,5.68253968
0.244,5.67765568
0.2442,5.68742369
0.2444,5.68742369
0.2446,5.68742369
0.2448,5.68253968
0.245,5.68742369
0.2452,5.69230769
0.2454,5.68742369
0.2456,5.68253968
0.2458,5.68253968
0.246,5.68253968
0.2462,5.67765568
0.2464,5.67765568
0.2466,5.68742369
0.2468,5.68253968
0.247,5.67765568
0.2472,5.68253968
0.2474,5.67765568
0.2476,5.67765568
0.2478,5.67765568
0.248,5.67765568
0.2482,5.68253968
0.2484,5.67765568
0.2486,5.67277167
0.2488,5.67765568
0.249,5.67765568
0.2492,5.67277167
0.2494,5.67277167
0.2496,5.68253968
0.2498,5.67765568
0.25,5.67277167
0.2502,5.67765568
0.2504,5.68253968
0.2506,5.67765568
0.2508,5.68253968
0.251,5.67765568
0.2512,5.67765568
0.2514,5.67277167
0.2516,5.68253968
0.2518,5.68253968
0.252,5.68253968
0.2522,5.67765568
0.2524,5.68253968
0.2526,5.68253968
0.2528,5.68253968
0.253,5.67765568
0.2532,5.67765568
0.2534,5.67765568
0.2536,5.68253968
0.2538,5.68742369
0.254,5.68253968
0.2542,5.68742369
0.2544,5.67765568
0.2546,5.67765568
0.2548,5.68742369
0.255,5.67765568
0.2552,5.68253968
0.2554,5.68253968
0.2556,5.68253968
0.2558,5.67765568
0.256,5.68742369
0.2562,5.68742369
0.2564,5.68742369
0.2566,5.67765568
0.2568,5.68742369
0.257,5.68253968
0.2572,5.68742369
0.2574,5.67765568
0.2576,5.68742369
0.2578,5.68742369
0.258,5.68253968
0.2582,5.68253968
0.2584,5.68742369
0.2586,5.67765568
0.2588,5.67765568
0.259,5.68253968
0.2592,5.68742369
0.2594,5.68253968
0.2596,5.68742369
0.2598,5.68253968
0.26,5.68742369
0.2602,5.68253968
0.2604,5.68253968
0.2606,5.68253968
0.2608,5.68742369
0.261,5.68253968
0.2612,5.68742369
0.2614,5.68742369
0.2616,5.67765568
0.2618,5.67765568
0.262,5.68253968
0.2622,5.68253968
0.2624,5.68742369
0.2626,5.67765568
0.2628,5.68742369
0.263,5.68253968
0.2632,5.68253968
0.2634,5.68253968
0.2636,5.68253968
0.2638,5.67765568
0.264,5.67765568
0.2642,5.67765568
0.2644,5.67765568
0.2646,5.67765568
0.2648,5.67765568
0.265,5.68253968
0.2652,5.68253968
0.2654,5.67765568
0.2656,5.67765568
0.2658,5.68253968
0.266,5.67765568
0.2662,5.67277167
0.2664,5.67765568
0.2666,5.67765568
0.2668,5.68253968
0.267,5.67277167
0.2672,5.67765568
0.2674,5.67765568
0.2676,5.67765568
0.2678,5.67765568
0.268,5.68253968
0.2682,5.68253968
0.2684,5.68253968
0.2686,5.67277167
0.2688,5.68253968
0.269,5.67277167
0.2692,5.67765568
0.2694,5.67765568
0.2696,5.68253968
0.2698,5.68742369
0.27,5.68253968
0.2702,5.68253968
0.2704,5.68253968
0.2706,5.68742369
0.2708,5.67765568
0.271,5.68742369
0.2712,5.68253968
0.2714,5.68253968
0.2716,5.68742369
0.2718,5.68253968
0.272,5.68742369
0.2722,5.68253968
0.2724,5.68742369
0.2726,5.68742369
0.2728,5.68253968
0.273,5.67765568
0.2732,5.68253968
0.2734,5.68253968
0.2736,5.67765568
0.2738,5.68253968
0.274,5.67765568
0.2742,5.68253968
0.2744,5.68253968
0.2746,5.68253968
0.2748,5.68742369
0.275,5.68742369
0.2752,5.68253968
0.2754,5.68253968
0.2756,5.68253968
0.2758,5.67765568
0.276,5.67765568
0.2762,5.68742369
0.2764,5.68742369
0.2766,5.68253968
0.2768,5.68253968
0.277,5.68742369
0.2772,5.68742369
0.2774,5.68742369
0.2776,5.68742369
0.2778,5.68253968
0.278,5.68742369
0.2782,5.68253968
0.2784,5.68253968
0.2786,5.68742369
0.2788,5.67765568
0.279,5.68253968
0.2792,5.68742369
0.2794,5.68742369
0.2796,5.68253968
0.2798,5.68253968
0.28,5.68253968
0.2802,5.68253968
0.2804,5.67765568
0.2806,5.68253968
0.2808,5.68742369
0.281,5.68253968
0.2812,5.67765568
0.2814,5.67765568
0.2816,5.67765568
0.2818,5.67277167
0.282,5.67765568
0.2822,5.67765568
0.2824,5.68253968
0.2826,5.67277167
0.2828,5.68253968
0.283,5.68253968
0.2832,5.67765568
0.2834,5.67277167
0.2836,5.68253968
0.2838,5.67765568
0.284,5.67765568
0.2842,5.67765568
0.2844,5.67277167
0.2846,5.67277167
0.2848,5.67277167
0.285,5.67765568
0.2852,5.67765568
0.2854,5.67765568
0.2856,5.67765568
0.2858,5.68742369
0.286,5.68253968
0.2862,5.68253968
0.2864,5.68253968
0.2866,5.68742369
0.2868,5.68742369
0.287,5.67765568
0.2872,5.68253968
0.2874,5.68742369
0.2876,5.68253968
0.2878,5.67765568
0.288,5.68253968
0.2882,5.68742369
0.2884,5.68253968
0.2886,5.68253968
0.2888,5.68253968
0.289,5.68742369
0.2892,5.67765568
0.2894,5.68253968
0.2896,5.68253968
0.2898,5.68742369
0.29,5.68253968
0.2902,5.68253968
0.2904,5.68253968
0.2906,5.68253968
0.2908,5.67765568
0.291,5.67765568
0.2912,5.67765568
0.2914,5.67277167
0.2916,5.68253968
0.2918,5.68253968
0.292,5.68742369
0.2922,5.68742369
0.2924,5.68742369
0.2926,5.68742369
0.2928,5.68742369
0.293,5.68253968
0.2932,5.68253968
0.2934,5.68253968
0.2936,5.68253968
0.2938,5.67765568
0.294,5.68253968
0.2942,5.68742369
0.2944,5.68742369
0.2946,5.68742369
0.2948,5.68742369
0.295,5.68253968
0.2952,5.68742369
0.2954,5.68742369
0.2956,5.68742369
0.2958,5.68742369
0.296,5.67765568
0.2962,5.67765568
0.2964,5.68742369
0.2966,5.67765568
0.2968,5.67765568
0.297,5.68253968
0.2972,5.68253968
0.2974,5.67765568
0.2976,5.67765568
0.2978,5.68253968
0.298,5.67765568
0.2982,5.68253968
0.2984,5.67765568
0.2986,5.67765568
0.2988,5.67277167
0.299,5.67277167
0.2992,5.67765568
0.2994,5.67765568
0.2996,5.67765568
0.2998,5.67765568
0.3,5.67765568
0.3002,5.67277167
0.3004,5.67277167
0.3006,5.67277167
0.3008,5.67765568
0.301,5.67765568
0.3012,5.67765568
0.3014,5.68253968
0.3016,5.68253968
0.3018,5.68253968
0.302,5.67765568
0.3022,5.68253968
0.3024,5.68742369
0.3026,5.67277167
0.3028,5.67765568
0.303,5.68253968
0.3032,5.68742369
0.3034,5.67765568
0.3036,5.67765568
0.3038,5.67765568
0.304,5.68253968
0.3042,5.68253968
0.3044,5.68253968
0.3046,5.68742369
0.3048,5.67765568
0.305,5.68253968
0.3052,5.68742369
0.3054,5.67765568
0.3056,5.68253968
0.3058,5.68253968
0.306,5.68253968
0.3062,5.68253968
0.3064,5.68742369
0.3066,5.68253968
0.3068,5.69230769
0.307,5.68253968
0.3072,5.67765568
0.3074,5.68253968
0.3076,5.67765568
0.3078,5.67765568
0.308,5.67765568
0.3082,5.68253968
0.3084,5.68253968
0.3086,5.68253968
0.3088,5.68742369
0.309,5.68742369
0.3092,5.68253968
0.3094,5.67765568
0.3096,5.68253968
0.3098,5.68742369
0.31,5.68253968
0.3102,5.68742369
0.3104,5.68253968
0.3106,5.68253968
0.3108,5.68742369
0.311,5.68742369
0.3112,5.68742369
0.3114,5.68742369
0.3116,5.68253968
0.3118,5.68742369
0.312,5.68742369
0.3122,5.68253968
0.3124,5.68253968
0.3126,5.68253968
0.3128,5.68742369
0.313,5.68253968
0.3132,5.68253968
0.3134,5.68253968
0.3136,5.68253968
0.3138,5.67765568
0.314,5.67765568
0.3142,5.68742369
0.3144,5.67765568
0.3146,5.67765568
0.3148,5.67765568
0.315,5.68253968
0.3152,5.67765568
0.3154,5.67277167
0.3156,5.67765568
0.3158,5.67277167
0.316,5.67765568
0.3162,5.67277167
0.3164,5.68253968
0.3166,5.67765568
0.3168,5.68253968
0.317,5.68253968
0.3172,5.67765568
0.3174,5.67765568
0.3176,5.67277167
0.3178,5.67277167
0.318,5.67765568
0.3182,5.67277167
0.3184,5.67765568
0.3186,5.68253968
0.3188,5.67765568
0.319,5.67765568
0.3192,5.68742369
0.3194,5.68253968
0.3196,5.68253968
0.3198,5.67765568
0.32,5.68253968
0.3202,5.68253968
0.3204,5.68253968
0.3206,5.67765568
0.3208,5.68742369
0.321,5.68253968
0.3212,5.68253968
0.3214,5.68742369
0.3216,5.68742369
0.3218,5.68253968
0.322,5.67765568
0.3222,5.68253968
0.3224,5.68742369
0.3226,5.67765568
0.3228,5.67765568
0.323,5.67765568
0.3232,5.68253968
0.3234,5.67765568
0.3236,5.67765568
0.3238,5.68253968
0.324,5.68253968
0.3242,5.68253968
0.3244,5.68253968
0.3246,5.68253968
0.3248,5.68253968
0.325,5.67765568
0.3252,5.67765568
0.3254,5.68253968
0.3256,5.68253968
0.3258,5.67765568
0.326,5.68742369
0.3262,5.68253968
0.3264,5.68253968
0.3266,5.68742369
0.3268,5.68742369
0.327,5.68253968
0.3272,5.68742369
0.3274,5.68742369
0.3276,5.68742369
0.3278,5.67765568
0.328,5.68742369
0.3282,5.68742369
0.3284,5.68742369
0.3286,5.68253968
0.3288,5.68742369
0.329,5.67765568
0.3292,5.68253968
0.3294,5.67765568
0.3296,5.68253968
0.3298,5.68253968
0.33,5.68253968
0.3302,5.67765568
0.3304,5.68253968
0.3306,5.67765568
0.3308,5.67765568
0.331,5.68253968
0.3312,5.67765568
0.3314,5.67765568
0.3316,5.67277167
0.3318,5.67277167
0.332,5.67277167
0.3322,5.67277167
0.3324,5.67765568
0.3326,5.67765568
0.3328,5.68253968
0.333,5.67277167
0.3332,5.67765568
0.3334,5.67765568
0.3336,5.67277167
0.3338,5.67765568
0.334,5.67277167
0.3342,5.68253968
0.3344,5.67765568
0.3346,5.67277167
0.3348,5.67765568
0.335,5.68253968
0.3352,5.67765568
0.3354,5.67765568
0.3356,5.68253968
0.3358,5.67765568
0.336,5.68253968
0.3362,5.68253968
0.3364,5.68253968
0.3366,5.68253968
0.3368,5.67765568
0.337,5.67765568
0.3372,5.68253968
0.3374,5.68253968
0.3376,5.68253968
0.3378,5.68742369
0.338,5.68742369
0.3382,5.68253968
0.3384,5.67765568
0.3386,5.68253968
0.3388,5.67765568
0.339,5.68253968
0.3392,5.68253968
0.3394,5.68742369
0.3396,5.68742369
0.3398,5.68742369
0.34,5.68253968
0.3402,5.68742369
0.3404,5.67765568
0.3406,5.67765568
0.3408,5.67765568
0.341,5.68253968
0.3412,5.68253968
0.3414,5.68742369
0.3416,5.68253968
0.3418,5.68253968
0.342,5.68253968
0.3422,5.68253968
0.3424,5.68253968
0.3426,5.67765568
0.3428,5.67765568
0.343,5.68253968
0.3432,5.68253968
0.3434,5.68253968
0.3436,5.68253968
0.3438,5.68742369
0.344,5.68742369
0.3442,5.68742369
0.3444,5.68742369
0.3446,5.68742369
0.3448,5.68253968
0.345,5.67765568
0.3452,5.68253968
0.3454,5.68253968
0.3456,5.68253968
0.3458,5.68253968
0.346,5.68253968
0.3462,5.68253968
0.3464,5.67765568
0.3466,5.68253968
0.3468,5.67765568
0.347,5.67765568
0.3472,5.67765568
0.3474,5.67765568
0.3476,5.68253968
0.3478,5.68253968
0.348,5.67277167
0.3482,5.68253968
0.3484,5.67765568
0.3486,5.67765568
0.3488,5.67765568
0.349,5.67765568
0.3492,5.68253968
0.3494,5.67277167
0.3496,5.67765568
0.3498,5.68253968
0.35,5.67277167
0.3502,5.67277167
0.3504,5.67765568
0.3506,5.68253968
0.3508,5.68253968
0.351,5.67765568
0.3512,5.68253968
0.3514,5.67765568
0.3516,5.67765568
0.3518,5.68253968
0.352,5.67765568
0.3522,5.67765568
0.3524,5.67765568
0.3526,5.67765568
0.3528,5.67765568
0.353,5.68253968
0.3532,5.68253968
0.3534,5.68253968
0.3536,5.69230769
0.3538,5.67765568
0.354,5.68253968
0.3542,5.68742369
0.3544,5.68742369
0.3546,5.67765568
0.3548,5.67765568
0.355,5.68253968
0.3552,5.68253968
0.3554,5.68253968
0.3556,5.68742369
0.3558,5.68742369
0.356,5.67765568
0.3562,5.68253968
0.3564,5.68253968
0.3566,5.68742369
0.3568,5.68253968
0.357,5.68253968
0.3572,5.68253968
0.3574,5.68253968
0.3576,5.67765568
0.3578,5.68253968
0.358,5.68253968
0.3582,5.68253968
0.3584,5.67765568
0.3586,5.68253968
0.3588,5.68742369
0.359,5.68742369
0.3592,5.68742369
0.3594,5.68742369
0.3596,5.68253968
0.3598,5.67765568
0.36,5.68253968
0.3602,5.68253968
0.3604,5.68253968
0.3606,5.67277167
0.3608,5.68742369
0.361,5.68742369
0.3612,5.68253968
0.3614,5.68253968
0.3616,5.68742369
0.3618,5.68253968
0.362,5.67765568
0.3622,5.68742369
0.3624,5.68253968
0.3626,5.68253968
0.3628,5.67765568
0.363,5.67765568
0.3632,5.68253968
0.3634,5.67765568
0.3636,5.67765568
0.3638,5.67765568
0.364,5.68253968
0.3642,5.67765568
0.3644,5.67765568
0.3646,5.67765568
0.3648,5.67765568
0.365,5.67277167
0.3652,5.67765568
0.3654,5.67765568
0.3656,5.67765568
0.3658,5.67277167
0.366,5.67765568
0.3662,5.67765568
0.3664,5.67277167
0.3666,5.66788767
0.3668,5.67277167
0.367,5.67765568
0.3672,5.66788767
0.3674,5.68253968
0.3676,5.67765568
0.3678,5.67765568
0.368,5.67765568
0.3682,5.67765568
0.3684,5.67765568
0.3686,5.67765568
0.3688,5.68253968
0.369,5.68253968
0.3692,5.68253968
0.3694,5.67765568
0.3696,5.67765568
0.3698,5.68253968
0.37,5.68253968
0.3702,5.67765568
0.3704,5.68253968
0.3706,5.68253968
0.3708,5.68253968
0.371,5.67765568
0.3712,5.68253968
0.3714,5.68742369
0.3716,5.67765568
0.3718,5.67765568
0.372,5.67765568
0.3722,5.68253968
0.3724,5.68253968
0.3726,5.68253968
0.3728,5.67765568
0.373,5.68253968
0.3732,5.68253968
0.3734,5.68253968
0.3736,5.68253968
0.3738,5.68253968
0.374,5.67765568
0.3742,5.68253968
0.3744,5.67765568
0.3746,5.67277167
0.3748,5.68253968
0.375,5.68253968
0.3752,5.67765568
0.3754,5.67765568
0.3756,5.67765568
0.3758,5.68742369
0.376,5.67765568
0.3762,5.67765568
0.3764,5.68253968
0.3766,5.68742369
0.3768,5.67765568
0.377,5.68253968
0.3772,5.68253968
0.3774,5.68253968
0.3776,5.67765568
0.3778,5.68742369
0.378,5.68253968
0.3782,5.68253968
0.3784,5.67765568
0.3786,5.68742369
0.3788,5.68742369
0.379,5.67765568
0.3792,5.68253968
0.3794,5.68742369
0.3796,5.68742369
0.3798,5.67765568
0.38,5.68253968
0.3802,5.68253968
0.3804,5.67765568
0.3806,5.67765568
0.3808,5.67765568
0.381,5.68253968
0.3812,5.67765568
0.3814,5.67277167
0.3816,5.68253968
0.3818,5.67765568
0.382,5.67765568
0.3822,5.67765568
0.3824,5.67765568
0.3826,5.68253968
0.3828,5.68253968
0.383,5.68253968
0.3832,5.15506716
0.3834,4.11477412
0.3836,3.68009768
0.3838,3.67521368
0.384,3.67521368
0.3842,3.66544567
0.3844,3.66544567
0.3846,3.67032967
0.3848,3.67521368
0.385,3.67032967
0.3852,3.67032967
0.3854,3.67521368
0.3856,3.68009768
0.3858,3.67521368
0.386,3.67521368
0.3862,3.68009768
0.3864,3.67521368
0.3866,3.67521368
0.3868,3.68009768
0.387,3.68498169
0.3872,3.68986569
0.3874,4.25152625
0.3876,5.2967033
0.3878,5.69230769
0.388,5.6971917
0.3882,5.6971917
0.3884,5.69230769
0.3886,5.68742369
0.3888,5.68253968
0.389,5.68253968
0.3892,5.69230769
0.3894,5.67765568
0.3896,5.67765568
0.3898,5.68253968
0.39,5.68253968
0.3902,5.67765568
0.3904,5.68253968
0.3906,5.68742369
0.3908,5.68253968
0.391,5.68253968
0.3912,5.68742369
0.3914,5.67765568
0.3916,5.67277167
0.3918,5.67765568
0.392,5.67765568
0.3922,5.68742369
0.3924,5.68253968
0.3926,5.68742369
0.3928,5.68742369
0.393,5.67765568
0.3932,5.68742369
0.3934,5.68253968
0.3936,5.68742369
0.3938,5.68253968
0.394,5.68253968
0.3942,5.68253968
0.3944,5.68742369
0.3946,5.68253968
0.3948,5.68253968
0.395,5.68253968
0.3952,5.68253968
0.3954,5.68253968
0.3956,5.68742369
0.3958,5.68253968
0.396,5.68253968
0.3962,5.68253968
0.3964,5.68253968
0.3966,5.68253968
0.3968,5.67765568
0.397,5.67765568
0.3972,5.68253968
0.3974,5.68253968
0.3976,5.67765568
0.3978,5.67765568
0.398,5.67765568
0.3982,5.67765568
0.3984,5.67277167
0.3986,5.68253968
0.3988,5.67765568
0.399,5.67765568
0.3992,5.67277167
0.3994,5.67765568
0.3996,5.67277167
0.3998,5.66788767
0.4,5.67277167
0.4002,5.67765568
0.4004,5.68253968
0.4006,5.67765568
0.4008,5.67765568
0.401,5.68253968
0.4012,5.67765568
0.4014,5.67277167
0.4016,5.67765568
0.4018,5.68253968
0.402,5.67765568
0.4022,5.67765568
0.4024,5.68253968
0.4026,5.67765568
0.4028,5.67765568
0.403,5.67765568
0.4032,5.68253968
0.4034,5.68253968
0.4036,5.67765568
0.4038,5.67765568
0.404,5.68742369
0.4042,5.68253968
0.4044,5.67765568
0.4046,5.68253968
0.4048,5.68253968
0.405,5.67765568
0.4052,5.68253968
0.4054,5.68742369
0.4056,5.68253968
0.4058,5.67765568
0.406,5.68253968
0.4062,5.68253968
0.4064,5.68253968
0.4066,5.67765568
0.4068,5.68253968
0.407,5.68253968
0.4072,5.67765568
0.4074,5.67765568
0.4076,5.68253968
0.4078,5.68742369
0.408,5.67765568
0.4082,5.68742369
0.4084,5.68253968
0.4086,5.67765568
0.4088,5.67765568
0.409,5.68253968
0.4092,5.67765568
0.4094,5.67765568
0.4096,5.68253968
0.4098,5.68253968
0.41,5.69230769
0.4102,5.68253968
0.4104,5.68253968
0.4106,5.68742369
0.4108,5.68742369
0.411,5.68742369
0.4112,5.68742369
0.4114,5.68742369
0.4116,5.68253968
0.4118,5.67765568
0.412,5.68253968
0.4122,5.68742369
0.4124,5.67765568
0.4126,5.68253968
0.4128,5.67765568
0.413,5.68253968
0.4132,5.68253968
0.4134,5.68742369
0.4136,5.68253968
0.4138,5.68253968
0.414,5.67765568
0.4142,5.67765568
0.4144,5.68253968
0.4146,5.67765568
0.4148,5.67765568
0.415,5.67277167
0.4152,5.68253968
0.4154,5.67277167
0.4156,5.68253968
0.4158,5.67765568
0.416,5.67765568
0.4162,5.67277167
0.4164,5.67277167
0.4166,5.67277167
0.4168,5.67277167
0.417,5.67277167
0.4172,5.67277167
0.4174,5.68253968
0.4176,5.67765568
0.4178,5.67765568
0.418,5.67765568
0.4182,5.67765568
0.4184,5.67765568
0.4186,5.68253968
0.4188,5.68253968
0.419,5.68253968
0.4192,5.67765568
0.4194,5.67765568
0.4196,5.68253968
0.4198,5.68253968
0.42,5.68253968
0.4202,5.68742369
0.4204,5.68742369
0.4206,5.68253968
0.4208,5.68742369
0.421,5.69230769
0.4212,5.7020757
0.4214,5.6971917
0.4216,5.53601954
0.4218,4.64713065
0.422,4.06105006
0.4222,4.04639805
0.4224,4.04639805
0.4226,4.04639805
0.4228,4.04639805
0.423,4.04639805
0.4232,4.05128205
0.4234,4.04151404
0.4236,4.04639805
0.4238,4.04151404
0.424,4.04639805
0.4242,4.04151404
0.4244,4.03663004
0.4246,4.04151404
0.4248,4.05128205
0.425,4.04639805
0.4252,4.04639805
0.4254,4.14896215
0.4256,4.98412698
0.4258,5.65811966
0.426,5.6971917
0.4262,5.69230769
0.4264,5.68742369
0.4266,5.68253968
0.4268,5.68742369
0.427,5.68742369
0.4272,5.67765568
0.4274,5.67765568
0.4276,5.68253968
0.4278,5.68742369
0.428,5.68253968
0.4282,5.68253968
0.4284,5.68742369
0.4286,5.68253968
0.4288,5.68253968
0.429,5.68253968
0.4292,5.68742369
0.4294,5.68253968
0.4296,5.67765568
0.4298,5.68253968
0.43,5.68253968
0.4302,5.67765568
0.4304,5.67765568
0.4306,5.68742369
0.4308,5.68253968
0.431,5.67277167
0.4312,5.67765568
0.4314,5.67765568
0.4316,5.67765568
0.4318,5.67277167
0.432,5.67765568
0.4322,5.67765568
0.4324,5.67277167
0.4326,5.67765568
0.4328,5.67765568
0.433,5.68253968
0.4332,5.67765568
0.4334,5.67277167
0.4336,5.67765568
0.4338,5.67765568
0.434,5.67277167
0.4342,5.67765568
0.4344,5.68253968
0.4346,5.67765568
0.4348,5.67765568
0.435,5.67765568
0.4352,5.68253968
0.4354,5.68253968
0.4356,5.68253968
0.4358,5.68253968
0.436,5.67765568
0.4362,5.67765568
0.4364,5.68253968
0.4366,5.68253968
0.4368,5.67765568
0.437,5.67765568
0.4372,5.68253968
0.4374,5.68253968
0.4376,5.68742369
0.4378,5.68742369
0.438,5.68253968
0.4382,5.68742369
0.4384,5.67765568
0.4386,5.68253968
0.4388,5.67765568
0.439,5.68253968
0.4392,5.67765568
0.4394,5.68253968
0.4396,5.68742369
0.4398,5.68253968
0.44,5.68253968
0.4402,5.68253968
0.4404,5.68253968
0.4406,5.67765568
0.4408,5.67765568
0.441,5.67765568
0.4412,5.68742369
0.4414,5.67765568
0.4416,5.68253968
0.4418,5.68253968
0.442,5.68253968
0.4422,5.68253968
0.4424,5.67765568
0.4426,5.68253968
0.4428,5.68742369
0.443,5.68253968
0.4432,5.68742369
0.4434,5.68742369
0.4436,5.68253968
0.4438,5.67765568
0.444,5.68742369
0.4442,5.68742369
0.4444,5.68253968
0.4446,5.68742369
0.4448,5.68742369
0.445,5.67765568
0.4452,5.67765568
0.4454,5.68742369
0.4456,5.68742369
0.4458,5.68742369
0.446,5.68253968
0.4462,5.68742369
0.4464,5.68253968
0.4466,5.67765568
0.4468,5.67765568
0.447,5.68253968
0.4472,5.68253968
0.4474,5.67765568
0.4476,5.67765568
0.4478,5.67765568
0.448,5.67277167
0.4482,5.67277167
0.4484,5.67765568
0.4486,5.67765568
0.4488,5.67765568
0.449,5.67765568
0.4492,5.67765568
0.4494,5.67277167
0.4496,5.67277167
0.4498,5.67277167
0.45,5.67765568
0.4502,5.67765568
0.4504,5.67277167
0.4506,5.67277167
0.4508,5.68253968
0.451,5.67765568
0.4512,5.67277167
0.4514,5.68253968
0.4516,5.67765568
0.4518,5.67765568
0.452,5.67765568
0.4522,5.67765568
0.4524,5.67765568
0.4526,5.67765568
0.4528,5.68742369
0.453,5.68742369
0.4532,5.68742369
0.4534,5.68253968
0.4536,5.68742369
0.4538,5.68253968
0.454,5.68253968
0.4542,5.68253968
0.4544,5.68253968
0.4546,5.68253968
0.4548,5.67765568
0.455,5.68253968
0.4552,5.68742369
0.4554,5.68742369
0.4556,5.68253968
0.4558,5.67765568
0.456,5.68742369
0.4562,5.68253968
0.4564,5.67765568
0.4566,5.68742369
0.4568,5.68253968
0.457,5.67765568
0.4572,5.68253968
0.4574,5.68253968
0.4576,5.67765568
0.4578,5.67277167
0.458,5.67765568
0.4582,5.68253968
0.4584,5.68253968
0.4586,5.68742369
0.4588,5.68742369
0.459,5.68742369
0.4592,5.68253968
0.4594,5.67765568
0.4596,5.68253968
0.4598,5.67765568
0.46,5.67765568
0.4602,5.68742369
0.4604,5.68742369
0.4606,5.68253968
0.4608,5.68742369
0.461,5.69230769
0.4612,5.68742369
0.4614,5.68742369
0.4616,5.68253968
0.4618,5.68253968
0.462,5.68253968
0.4622,5.67765568
0.4624,5.68253968
0.4626,5.68742369
0.4628,5.67765568
0.463,5.68253968
0.4632,5.68253968
0.4634,5.69230769
0.4636,5.67765568
0.4638,5.67765568
0.464,5.67765568
0.4642,5.68253968
0.4644,5.67765568
0.4646,5.67765568
0.4648,5.68253968
0.465,5.68253968
0.4652,5.67765568
0.4654,5.67277167
0.4656,5.67765568
0.4658,5.67277167
0.466,5.67277167
0.4662,5.67765568
0.4664,5.68253968
0.4666,5.67765568
0.4668,5.67277167
0.467,5.67765568
0.4672,5.67765568
0.4674,5.67765568
0.4676,5.67765568
0.4678,5.68742369
0.468,5.68253968
0.4682,5.68253968
0.4684,5.68253968
0.4686,5.67765568
0.4688,5.68253968
0.469,5.67765568
0.4692,5.68253968
0.4694,5.68742369
0.4696,5.67765568
0.4698,5.68253968
0.47,5.68253968
0.4702,5.68253968
0.4704,5.67765568
0.4706,5.68742369
0.4708,5.68742369
0.471,5.68253968
0.4712,5.68253968
0.4714,5.68742369
0.4716,5.68742369
0.4718,5.68253968
0.472,5.68253968
0.4722,5.68253968
0.4724,5.68253968
0.4726,5.68253968
0.4728,5.68253968
0.473,5.68253968
0.4732,5.67765568
0.4734,5.67765568
0.4736,5.68253968
0.4738,5.68742369
0.474,5.68253968
0.4742,5.68253968
0.4744,5.67765568
0.4746,5.68253968
0.4748,5.67765568
0.475,5.68253968
0.4752,5.68742369
0.4754,5.67765568
0.4756,5.67765568
0.4758,5.67765568
0.476,5.68742369
0.4762,5.68742369
0.4764,5.68742369
0.4766,5.68253968
0.4768,5.68742369
0.477,5.68253968
0.4772,5.68253968
0.4774,5.68742369
0.4776,5.68253968
0.4778,5.68253968
0.478,5.67765568
0.4782,5.68742369
0.4784,5.68742369
0.4786,5.68253968
0.4788,5.68742369
0.479,5.68742369
0.4792,5.68253968
0.4794,5.68253968
0.4796,5.68253968
0.4798,5.68742369
0.48,5.67765568
0.4802,5.67765568
0.4804,5.68253968
0.4806,5.67765568
0.4808,5.67277167
0.481,5.67765568
0.4812,5.67277167
0.4814,5.68253968
0.4816,5.67765568
0.4818,5.67765568
0.482,5.67765568
0.4822,5.67277167
0.4824,5.67277167
0.4826,5.67765568
0.4828,5.67277167
0.483,5.67765568
0.4832,5.67765568
0.4834,5.68253968
0.4836,5.67765568
0.4838,5.67765568
0.484,5.67765568
0.4842,5.68253968
0.4844,5.67277167
0.4846,5.67765568
0.4848,5.68253968
0.485,5.68253968
0.4852,5.67765568
0.4854,5.68253968
0.4856,5.68253968
0.4858,5.68253968
0.486,5.67765568
0.4862,5.67765568
0.4864,5.68742369
0.4866,5.68253968
0.4868,5.67765568
0.487,5.68253968
0.4872,5.68742369
0.4874,5.68253968
0.4876,5.68253968
0.4878,5.68253968
0.488,5.68742369
0.4882,5.67765568
0.4884,5.68742369
0.4886,5.68253968
0.4888,5.68253968
0.489,5.68253968
0.4892,5.68253968
0.4894,5.68253968
0.4896,5.68253968
0.4898,5.68253968
0.49,5.68253968
0.4902,5.68742369
0.4904,5.67765568
0.4906,5.67765568
0.4908,5.68253968
0.491,5.67765568
0.4912,5.67277167
0.4914,5.68742369
0.4916,5.68742369
0.4918,5.68742369
0.492,5.67765568
0.4922,5.68253968
0.4924,5.68253968
0.4926,5.68253968
0.4928,5.68253968
0.493,5.68742369
0.4932,5.68742369
0.4934,5.68253968
0.4936,5.68742369
0.4938,5.68742369
0.494,5.68742369
0.4942,5.68253968
0.4944,5.68253968
0.4946,5.68742369
0.4948,5.68253968
0.495,5.68253968
0.4952,5.68253968
0.4954,5.68742369
0.4956,5.67765568
0.4958,5.68253968
0.496,5.67765568
0.4962,5.68253968
0.4964,5.67765568
0.4966,5.68253968
0.4968,5.68253968
0.497,5.68253968
0.4972,5.67765568
0.4974,5.67765568
0.4976,5.68253968
0.4978,5.67765568
0.498,5.67765568
0.4982,5.67765568
0.4984,5.67277167
0.4986,5.67277167
0.4988,5.67765568
0.499,5.67765568
0.4992,5.67765568
0.4994,5.67277167
0.4996,5.67765568
0.4998,5.68253968
0.5,5.67765568